":LapTime",":Time","Speed","Speed Input","Steering Angle"
0,0,0,0,-128
1,1,0,0,-128
2,2,0,0,-128
3,3,0,0,-128
4,4,0,0,-128
5,5,0.144,0,-128
6,6,0.936,0,-128
7,7,0.72,0,-128
8,8,0.36,0,-128
9,9,0.324,0,-128
10,10,0.18,0,-128
11,11,0.504,0,-128
12,12,0.828,0,-128
13,13,0.108,0,-128
14,14,0,0,-128
15,15,0.144,0,-128
16,16,0.108,0,-128
17,17,0.108,0,-128
18,18,0,0,-128
19,19,0.216,0,-128
20,20,0.108,0,-128
21,21,0.108,0,-128
22,22,0.144,0,-128
23,23,0.18,0,-128
24,24,0.036,0,-128
25,25,0,0,-128
26,26,0.036,0,-128
27,27,0.072,0,-128
28,28,0.036,0,-128
29,29,0.036,0,-128
30,30,0.036,0,-128
31,31,0,0,-128
32,32,0.036,0,-128
33,33,0.072,0,-128
34,34,0.108,0,-128
35,35,0.036,0,-128
36,36,0.072,0,-128
37,37,0.036,0,-128
38,38,0,0,-128
39,39,0.036,0,-128
40,40,0.108,0,-128
41,41,0.108,0,-128
42,42,0.072,0,-128
43,43,0.108,0,-128
44,44,0.036,0,-128
45,45,0,0,-128
46,46,0,0,-128
47,47,0.108,0,-128
48,48,0.072,0,-128
49,49,0.18,0,-128
50,50,0,0,-128
51,51,0.108,0,-128
52,52,0.036,0,-128
53,53,0.108,0,-128
54,54,0.108,0,-128
55,55,0.072,0,-128
56,56,0.072,0,-128
57,57,0.108,0,-128
58,58,0.072,0,-128
59,59,0.144,0,-128
60,60,0.036,0,-128
61,61,0.036,0,-128
62,62,0,0,-128
63,63,0.072,0,-128
64,64,0.036,0,-128
65,65,0,0,-128
66,66,0.036,0,-128
67,67,0,0,-128
68,68,0.108,0,-128
69,69,0.108,0,-128
70,70,0.072,0,-128
71,71,0.072,0,-128
72,72,0.18,0,-128
73,73,0,0,-128
74,74,0.036,0,-128
75,75,0,0,-128
76,76,0.144,0,-128
77,77,0.108,0,-128
78,78,0.072,0,-128
79,79,0.036,0,-128
80,80,0.144,0,-128
81,81,0.072,0,-128
82,82,0.216,0,-128
83,83,0.036,0,-128
84,84,0.108,0,-128
85,85,0.18,0,-128
86,86,0.036,0,-128
87,87,0.108,0,-128
88,88,0.108,0,-128
89,89,0.144,0,-128
90,90,0.072,0,-128
91,91,0.216,0,-128
92,92,0.252,0,-128
93,93,0.144,0,-128
94,94,0.036,0,-128
95,95,0.036,0,-128
96,96,0.108,0,-128
97,97,0.144,0,-128
98,98,0,0,-128
99,99,0.108,0,-128
100,100,0.072,0,-128
101,101,0.036,0,-128
102,102,0.036,0,-128
103,103,0,0,-128
104,104,0.144,0,-128
105,105,0.108,0,-128
106,106,0.036,0,-128
107,107,0.18,0,-128
108,108,0.108,0,-128
109,109,0.252,0,-128
110,110,0.036,0,-128
111,111,0.108,0,-128
112,112,0.18,0,-128
113,113,0.072,0,-128
114,114,0.108,0,-128
115,115,0,0,-128
116,116,0.108,0,-128
117,117,0.036,0,-128
118,118,0.036,0,-128
119,119,0,0,-128
120,120,0,0,-128
121,121,0,0,-128
122,122,0,0,-128
123,123,0,0,-128
124,124,0,0,-128
125,125,0,0,-128
126,126,0,0,-128
127,127,0,0,-128
128,128,0,0,-128
129,129,0,0,-128
130,130,0,0,-128
131,131,0,0,-128
132,132,0,0,-128
133,133,0,0,-128
134,134,0,0,-128
135,135,0,0,-128
136,136,0,0,-128
137,137,0,0,-128
138,138,0,0,-128
139,139,0,0,-128
140,140,0,0,-128
141,141,0,0,-128
142,142,0,0,-128
143,143,0,0,-128
144,144,0.108,0,-128
145,145,0.252,0,-128
146,146,0.18,0,-128
147,147,0.072,0,-128
148,148,0.108,0,-128
149,149,0,0,-128
150,150,0.072,0,-128
151,151,0.036,0,-128
152,152,0.108,0,-128
153,153,0.036,0,-128
154,154,0,0,-128
155,155,0.036,0,-128
156,156,0.072,0,-128
157,157,0.036,0,-128
158,158,0.072,0,-128
159,159,0,0,-128
160,160,0.036,0,-128
161,161,0,0,-128
162,162,0.108,0,-128
163,163,0.072,0,-128
164,164,0.036,0,-128
165,165,0,0,-128
166,166,0,0,-128
167,167,0.036,0,-128
168,168,0.072,0,-128
169,169,0.18,0,-128
170,170,0.108,0,-128
171,171,0.036,0,-128
172,172,0,0,-128
173,173,0,0,-128
174,174,0.036,0,-128
175,175,0.036,0,-128
176,176,0,0,-128
177,177,0,0,-128
178,178,0,0,-128
179,179,0.108,0,-128
180,180,0.144,0,-128
181,181,0,0,-128
182,182,0,0,-128
183,183,0.072,0,-128
184,184,0,0,-128
185,185,0.108,0,-128
186,186,0.072,0,-128
187,187,0.036,0,-128
188,188,0.108,0,-128
189,189,0,0,-128
190,190,0.072,0,-128
191,191,0.216,0,-128
192,192,0.036,0,-128
193,193,0.108,0,-128
194,194,0,0,-128
195,195,0.108,0,-128
196,196,0.072,0,-128
197,197,0.072,0,-128
198,198,0,0,-128
199,199,0.036,0,-128
200,200,0.036,0,-128
201,201,0,0,-128
202,202,0.072,0,-128
203,203,0,0,-128
204,204,0.072,0,-128
205,205,0,0,-128
206,206,0,0,-128
207,207,0,0,-128
208,208,0,0,-128
209,209,0.072,0,-128
210,210,0.072,0,-128
211,211,0,0,-128
212,212,0.036,0,-128
213,213,0,0,-128
214,214,0.036,0,-128
215,215,0.108,0,-128
216,216,0,0,-128
217,217,0,0,-128
218,218,0.072,0,-128
219,219,0.072,0,-128
220,220,0,0,-128
221,221,0.036,0,-128
222,222,0.072,0,-128
223,223,0.072,0,-128
224,224,0.036,0,-128
225,225,0.036,0,-128
226,226,0.072,0,-128
227,227,0.036,0,-128
228,228,0.108,0,-128
229,229,0.072,0,-128
230,230,0.108,0,-128
231,231,0.108,0,-128
232,232,0.18,0,-128
233,233,0.072,0,-128
234,234,0,0,-128
235,235,0,0,-128
236,236,0,0,-128
237,237,0,0,-128
238,238,0.108,0,-128
239,239,0.072,0,-128
240,240,0.072,0,-128
241,241,6.084,6.5,-128
242,242,5.4,5.5,-128
243,243,12.24,12.1,-128
244,244,15.624,16.8,-128
245,245,14.544,14,-128
246,246,10.152,10.3,-128
247,247,5.652,5.8,-128
248,248,2.196,2.2,-128
249,249,0,1.3,-128
250,250,0.036,0,-128
251,251,0.108,0,-128
252,252,0.144,0,-128
253,253,0,0,-128
254,254,0.036,0,-128
255,255,0.108,0,-128
256,256,0.036,0,-128
257,257,0,0,-128
258,258,1.836,0,-128
259,259,21.564,24.9,-128
260,260,42.66,45.9,-128
261,261,58.284,60.9,-128
262,262,69.444,71.5,-128
263,263,51.516,48.2,-128
264,264,35.532,34.2,-128
265,265,43.884,45.1,-128
266,266,49.608,46.6,-128
267,267,52.02,54.8,-128
268,268,65.952,69,-128
269,269,75.708,77.3,-128
270,270,87.264,88.8,-128
271,271,94.86,96.3,-128
272,272,76.968,74.5,-128
273,273,54.54,51.5,-128
274,274,45.54,47,-128
275,275,44.892,43.3,-128
276,276,41.148,42.2,-128
277,277,49.968,47.3,-128
278,278,56.268,58.8,-128
279,279,63.288,64.8,-128
280,280,73.908,76.5,-128
281,281,75.996,76.3,-128
282,282,48.888,47.1,-128
283,283,37.692,33.5,-128
284,284,39.42,38.3,-128
285,285,62.136,62.6,-128
286,286,57.924,54.9,-128
287,287,50.472,50.6,-128
288,288,50.436,36.9,-128
289,289,40.5,37.3,-128
290,290,44.244,43.6,-128
291,291,46.908,50,-128
292,292,66.168,66.2,-128
293,293,34.668,28.5,-128
294,294,30.492,27.6,-128
295,295,34.632,37.8,-128
296,296,52.56,56.5,-128
297,297,70.74,71.9,-128
298,298,81.216,83.1,-128
299,299,67.32,63.4,-128
300,300,44.676,44.7,-128
301,301,49.392,50.4,-128
302,302,55.62,55.3,-128
303,303,61.128,56.8,-128
304,304,37.368,33.8,-128
305,305,41.004,40.3,-128
306,306,61.776,64.1,-128
307,307,73.8,76.2,-128
308,308,73.764,73.5,-128
309,309,74.088,76.2,-128
310,310,79.992,77,-128
311,311,52.344,49.5,-128
312,312,48.492,50.6,-128
313,313,39.636,35.9,-128
314,314,36.252,38.5,-128
315,315,43.128,38.5,-128
316,316,44.712,45.6,-128
317,317,43.74,49.9,-128
318,318,58.428,62.3,-128
319,319,72.576,73.5,-128
320,320,45.612,40.6,-128
321,321,24.3,21.6,-128
322,322,32.508,32.7,-128
323,323,45.792,48.7,-128
324,324,46.98,50.1,-128
325,325,65.268,69.4,-128
326,326,74.988,75.9,-128
327,327,85.644,87.1,-128
328,328,91.404,89,-128
329,329,60.228,58.7,-128
330,330,63.18,66.8,-128
331,331,74.7,73.5,-128
332,332,47.7,28.1,-128
333,333,39.96,36.5,-128
334,334,58.176,61.1,-128
335,335,68.472,66.7,-128
336,336,45.072,46.9,-128
337,337,59.436,61.9,-128
338,338,54.972,50.8,-128
339,339,60.264,60.8,-128
340,340,56.376,53,-128
341,341,45.684,46.3,-128
342,342,44.352,44.5,-128
343,343,49.68,52.6,-128
344,344,55.512,60,-128
345,345,72.684,73.1,-128
346,346,43.524,34.5,-128
347,347,25.128,26.3,-128
348,348,40.572,40.5,-128
349,349,57.06,56.1,-128
350,350,34.488,34.4,-128
351,351,25.2,30.8,-128
352,352,33.048,35.1,-128
353,353,51.552,53,-128
354,354,67.068,64.2,-128
355,355,43.128,42,-128
356,356,44.172,47.8,-128
357,357,45.684,41.8,-128
358,358,34.56,32.2,-128
359,359,45.036,46.7,-128
360,360,31.248,28.8,-128
361,361,36.9,41,-128
362,362,49.896,50.4,-128
363,363,58.5,61.1,-128
364,364,67.5,64.5,-128
365,365,73.188,75.5,-128
366,366,84.924,86.3,-128
367,367,93.492,93.3,-128
368,368,62.496,59,-128
369,369,59.868,62.8,-128
370,370,60.192,51.5,-128
371,371,51.048,52.6,-128
372,372,43.416,46.3,-128
373,373,36.648,35.1,-128
374,374,30.384,27.1,-128
375,375,34.668,35.5,-128
376,376,37.404,39,-128
377,377,57.168,60.4,-128
378,378,66.024,66,-128
379,379,75.456,79.1,-128
380,380,61.956,58.8,-128
381,381,70.92,72.9,-128
382,382,60.12,56.6,-128
383,383,73.764,75.8,-128
384,384,55.044,56.1,-128
385,385,46.656,43.3,-128
386,386,29.952,33.6,-128
387,387,36,35.3,-128
388,388,42.228,43.1,-128
389,389,44.46,46.8,-128
390,390,60.984,63,-128
391,391,56.196,55.8,-128
392,392,53.1,54.6,-128
393,393,44.028,42.5,-128
394,394,43.308,47.2,-128
395,395,43.632,41.6,-128
396,396,44.28,47.3,-128
397,397,45.612,43.8,-128
398,398,66.168,65.8,-128
399,399,77.148,77.6,-128
400,400,85.176,86.8,-128
401,401,65.772,63.1,-128
402,402,43.02,40.5,-128
403,403,46.476,48.5,-128
404,404,50.796,47.3,-128
405,405,63.576,68.2,-128
406,406,77.616,79.4,-128
407,407,88.272,91.3,-128
408,408,98.496,100.2,-128
409,409,97.416,95.8,-128
410,410,63.648,62.2,-128
411,411,46.764,44.7,-128
412,412,46.224,48.8,-128
413,413,50.616,54.5,-128
414,414,56.556,54.8,-128
415,415,67.032,69.7,-128
416,416,78.408,77,-128
417,417,72.756,71.3,-128
418,418,66.996,63.9,-128
419,419,43.452,40.3,-128
420,420,40.212,34.5,-128
421,421,59.292,59.8,-128
422,422,70.164,67.1,-128
423,423,57.672,58.4,-128
424,424,49.032,53,-128
425,425,47.916,44.7,-128
426,426,64.368,66.1,-128
427,427,63.504,64,-128
428,428,44.172,39.3,-128
429,429,33.66,27.8,-128
430,430,49.824,53,-128
431,431,64.908,68.3,-128
432,432,76.896,78.2,-128
433,433,88.884,87.9,-128
434,434,56.124,52.2,-128
435,435,49.032,53.6,-128
436,436,65.988,64.6,-128
437,437,74.052,64.5,-128
438,438,48.456,40.1,-128
439,439,40.968,40.8,-128
440,440,53.64,55.5,-128
441,441,70.344,73.4,-128
442,442,80.1,83,-128
443,443,74.808,77,-128
444,444,78.084,75.9,-128
445,445,54.936,54.7,-128
446,446,51.66,46.7,-128
447,447,39.6,35.9,-128
448,448,46.908,49.5,-128
449,449,42.012,39.6,-128
450,450,44.46,45.4,-128
451,451,48.888,53,-128
452,452,63.576,65.8,-128
453,453,72.432,66.9,-128
454,454,35.496,26.8,-128
455,455,34.56,31.9,-128
456,456,49.248,48.9,-128
457,457,39.564,44.7,-128
458,458,61.704,64,-128
459,459,72.216,74.5,-128
460,460,84.96,85.4,-128
461,461,93.744,95.1,-128
462,462,72.972,68,-128
463,463,68.256,68.6,-128
464,464,78.048,76.6,-128
465,465,51.228,36.1,-128
466,466,44.352,41.1,-128
467,467,60.048,63.1,-128
468,468,67.68,65.8,-128
469,469,46.908,47.4,-128
470,470,61.92,57.7,-128
471,471,57.564,58.5,-128
472,472,56.16,59,-128
473,473,54.684,51.5,-128
474,474,45.684,48.7,-128
475,475,44.712,39.8,-128
476,476,49.536,52.1,-128
477,477,64.44,67.7,-128
478,478,66.024,63.8,-128
479,479,35.64,31,-128
480,480,39.096,32.4,-128
481,481,58.932,60.5,-128
482,482,42.984,41.9,-128
483,483,29.016,37.5,-128
484,484,45.072,47.6,-128
485,485,66.6,68.1,-128
486,486,57.6,48.3,-128
487,487,43.308,39,-128
488,488,51.84,56.4,-128
489,489,41.832,32.6,-128
490,490,44.46,45.5,-128
491,491,40.716,38.4,-128
492,492,33.624,38.3,-128
493,493,44.244,38,-128
494,494,48.312,46.1,-128
495,495,58.824,58,-128
496,496,51.408,53.4,-128
497,497,70.2,71.5,-128
498,498,82.296,84.1,-128
499,499,87.3,83.9,-128
500,500,62.748,63,-128
501,501,57.888,58.6,-128
502,502,52.164,50.4,-128
503,503,52.668,52.8,-128
504,504,44.244,48.6,-128
505,505,40.716,38.3,-128
506,506,26.64,25.9,-128
507,507,40.896,41.6,-128
508,508,62.28,65.2,-128
509,509,60.48,59.4,-128
510,510,70.272,72.6,-128
511,511,80.424,79.7,-128
512,512,58.788,57,-128
513,513,63.936,62.5,-128
514,514,63.108,62.9,-128
515,515,57.312,57.7,-128
516,516,60.156,62.4,-128
517,517,43.992,42.3,-128
518,518,29.52,33.2,-128
519,519,33.372,32,-128
520,520,36.756,38.6,-128
521,521,41.616,45.4,-128
522,522,59.256,60.8,-128
523,523,49.464,52.7,-128
524,524,39.996,39.5,-128
525,525,43.2,43.8,-128
526,526,35.46,35.5,-128
527,527,42.48,45.2,-128
528,528,42.48,43.4,-128
529,529,47.988,49.4,-128
530,530,46.296,44.9,-128
531,531,65.448,65.5,-128
532,532,77.688,79.9,-128
533,533,87.984,90,-128
534,534,63.936,59.5,-128
535,535,43.812,42.1,-128
536,536,43.452,46.8,-128
537,537,53.496,49.4,-128
538,538,55.512,58.8,-128
539,539,69.48,71.6,-128
540,540,81.72,83.4,-128
541,541,91.008,92.6,-128
542,542,100.584,100.1,-128
543,543,72.972,69.8,-128
544,544,51.3,50.5,-128
545,545,45.072,46.7,-128
546,546,40.32,38.2,-128
547,547,41.688,44.9,-128
548,548,55.512,58.5,-128
549,549,66.132,67.2,-128
550,550,79.344,78.2,-128
551,551,65.304,69.9,-128
552,552,63.936,59.8,-128
553,553,39.672,35.1,-128
554,554,35.892,34.2,-128
555,555,61.488,63.8,-128
556,556,63.072,56.3,-128
557,557,53.64,52.7,-128
558,558,51.696,54.2,-128
559,559,48.456,42.1,-128
560,560,66.888,69.8,-128
561,561,56.736,60.5,-128
562,562,46.044,37.5,-128
563,563,30.6,26.9,-128
564,564,42.156,47.4,-128
565,565,54.792,57,-128
566,566,69.696,72.1,-128
567,567,83.304,85.4,-128
568,568,69.696,63.7,-128
569,569,47.484,48.7,-128
570,570,57.888,56.5,-128
571,571,73.404,71.4,-128
572,572,49.536,43.6,-128
573,573,45,39.7,-128
574,574,60.768,61.7,-128
575,575,73.872,77,-128
576,576,84.744,86.2,-128
577,577,78.588,80.2,-128
578,578,87.264,87,-128
579,579,58.608,56,-128
580,580,51.588,50.8,-128
581,581,38.412,35.4,-128
582,582,42.696,46,-128
583,583,44.136,42.1,-128
584,584,40.788,43.5,-128
585,585,55.764,59.6,-128
586,586,68.184,71.2,-128
587,587,61.668,58.9,-128
588,588,33.228,31,-128
589,589,40.932,31.8,-128
590,590,53.172,54.5,-128
591,591,50.292,52,-128
592,592,68.364,72,-128
593,593,78.912,79.5,-128
594,594,88.2,89.1,-128
595,595,91.476,85.9,-128
596,596,63.468,64.8,-128
597,597,68.256,71.5,-128
598,598,68.76,65.5,-128
599,599,42.012,35.6,-128
600,600,45.828,46.5,-128
601,601,59.4,62.3,-128
602,602,62.1,59.8,-128
603,603,47.052,50.4,-128
604,604,62.892,58.8,-128
605,605,54.18,47.1,-128
606,606,59.436,62.3,-128
607,607,54.504,52.1,-128
608,608,39.492,41,-128
609,609,43.596,38.9,-128
610,610,47.988,51.1,-128
611,611,64.728,67.6,-128
612,612,68.076,63.4,-128
613,613,35.568,32.1,-128
614,614,40.68,35.7,-128
615,615,61.776,61.1,-128
616,616,42.876,43.8,-128
617,617,35.496,38.9,-128
618,618,49.32,51.4,-128
619,619,69.012,69.6,-128
620,620,54.036,51.1,-128
621,621,41.652,37.7,-128
622,622,56.016,57.8,-128
623,623,35.172,31.2,-128
624,624,44.244,47.4,-128
625,625,43.452,38.7,-128
626,626,34.776,36.9,-128
627,627,51.336,48.7,-128
628,628,58.284,61.3,-128
629,629,69.624,67.1,-128
630,630,82.836,84.9,-128
631,631,91.08,91.6,-128
632,632,94.608,91.7,-128
633,633,61.56,60.2,-128
634,634,62.28,62.3,-128
635,635,51.516,49.6,-128
636,636,47.88,48.1,-128
637,637,50.616,45.7,-128
638,638,36,33,-128
639,639,36.504,34.1,-128
640,640,50.796,52,-128
641,641,64.008,67.9,-128
642,642,67.68,66.8,-128
643,643,81.216,84.1,-128
644,644,62.784,59.5,-128
645,645,76.284,79.3,-128
646,646,68.544,67,-128
647,647,73.152,70.9,-128
648,648,64.188,31.4,-128
649,649,41.76,41.1,-128
650,650,36.648,39.7,-128
651,651,39.996,34.9,-128
652,652,40.608,44.9,-128
653,653,57.348,57.2,-128
654,654,66.024,67,-128
655,655,51.372,47.8,-128
656,656,55.152,54.6,-128
657,657,49.68,50.8,-128
658,658,47.952,44.4,-128
659,659,47.484,50.8,-128
660,660,49.104,43.2,-128
661,661,63,62.7,-128
662,662,76.068,78.4,-128
663,663,86.112,89.1,-128
664,664,70.344,65,-128
665,665,51.624,49.8,-128
666,666,51.12,54.2,-128
667,667,48.78,43.9,-128
668,668,60.48,65.3,-128
669,669,72.684,75.1,-128
670,670,86.256,88.2,-128
671,671,97.524,99.4,-128
672,672,103.86,102.2,-128
673,673,72.18,70.1,-128
674,674,51.372,53.5,-128
675,675,47.124,42.6,-128
676,676,50.58,51.4,-128
677,677,54.36,46.4,-128
678,678,71.316,73.9,-128
679,679,84.096,85.4,-128
680,680,80.028,78.8,-128
681,681,52.164,49.6,-128
682,682,38.988,34.1,-128
683,683,50.508,48.3,-128
684,684,70.056,70.3,-128
685,685,55.512,53.2,-128
686,686,48.996,50.7,-128
687,687,47.664,44.2,-128
688,688,64.332,68.1,-128
689,689,65.196,65.1,-128
690,690,57.708,53.4,-128
691,691,35.64,32.6,-128
692,692,46.476,49.1,-128
693,693,64.656,68.3,-128
694,694,78.66,80.8,-128
695,695,85.932,87.7,-128
696,696,65.016,62,-128
697,697,49.644,52.9,-128
698,698,59.544,59.3,-128
699,699,70.452,69.6,-128
700,700,49.14,45.5,-128
701,701,44.136,36.5,-128
702,702,59.94,61.5,-128
703,703,77.508,81.3,-128
704,704,81.828,84.1,-128
705,705,77.22,80.8,-128
706,706,81.18,77.5,-128
707,707,52.2,49.8,-128
708,708,48.744,47.1,-128
709,709,37.44,33.3,-128
710,710,42.984,46,-128
711,711,48.24,46.1,-128
712,712,38.304,41.1,-128
713,713,54.828,58.1,-128
714,714,66.78,67.8,-128
715,715,64.836,62,-128
716,716,38.376,34.9,-128
717,717,40.428,31.6,-128
718,718,50.256,52.9,-128
719,719,48.996,53.1,-128
720,720,66.024,68.4,-128
721,721,76.32,77.9,-128
722,722,89.028,91.6,-128
723,723,87.192,84.7,-128
724,724,62.496,65.1,-128
725,725,71.82,74.8,-128
726,726,70.092,65.1,-128
727,727,43.056,37.7,-128
728,728,49.716,48.3,-128
729,729,62.784,66.1,-128
730,730,58.788,59.6,-128
731,731,52.884,56.4,-128
732,732,64.8,59.3,-128
733,733,53.424,47.7,-128
734,734,59.796,61.8,-128
735,735,56.124,55.5,-128
736,736,49.608,52.4,-128
737,737,43.776,46.6,-128
738,738,56.34,59.3,-128
739,739,67.752,69.5,-128
740,740,47.196,41.2,-128
741,741,35.82,30.8,-128
742,742,50.004,50.4,-128
743,743,57.168,56.2,-128
744,744,36.18,38.6,-128
745,745,38.592,42,-128
746,746,58.104,61.4,-128
747,747,65.628,65,-128
748,748,45.036,45.7,-128
749,749,41.256,43.6,-128
750,750,50.328,43.3,-128
751,751,33.084,31.8,-128
752,752,45.972,49.7,-128
753,753,38.556,36.6,-128
754,754,37.836,41.6,-128
755,755,51.588,52.2,-128
756,756,63.792,67.4,-128
757,757,66.6,65,-128
758,758,77.22,77.9,-128
759,759,88.02,89.9,-128
760,760,89.604,88.6,-128
761,761,61.74,60.8,-128
762,762,61.848,63.3,-128
763,763,52.344,51.7,-128
764,764,46.908,47.3,-128
765,765,44.64,43.8,-128
766,766,32.256,29,-128
767,767,32.22,30.6,-128
768,768,44.496,46.8,-128
769,769,58.716,60.1,-128
770,770,62.1,62.9,-128
771,771,73.044,76.3,-128
772,772,69.156,67.6,-128
773,773,70.272,74.1,-128
774,774,62.028,58.3,-128
775,775,68.868,71.1,-128
776,776,61.2,57.8,-128
777,777,52.308,51.2,-128
778,778,40.464,39.6,-128
779,779,32.436,35.2,-128
780,780,34.452,33.9,-128
781,781,33.3,35.3,-128
782,782,51.912,54.2,-128
783,783,63.72,64.5,-128
784,784,52.92,50.1,-128
785,785,53.1,52.7,-128
786,786,45.828,49.2,-128
787,787,49.968,46.8,-128
788,788,42.624,45.6,-128
789,789,49.86,47.6,-128
790,790,53.496,56.4,-128
791,791,69.84,70.6,-128
792,792,78.516,76.4,-128
793,793,57.564,54.5,-128
794,794,41.256,40.2,-128
795,795,28.332,27.4,-128
796,796,26.28,27.3,-128
797,797,19.548,20.6,-128
798,798,20.52,24.3,-128
799,799,23.4,23.7,-128
800,800,23.58,24.1,-128
801,801,19.188,19.8,-128
802,802,20.088,20.1,-128
803,803,17.712,17.5,-128
804,804,5.868,5.8,-128
805,805,0.072,0.6,-128
806,806,0,0,-128
807,807,0.18,0,-128
808,808,0.216,0,-128
809,809,0.036,0,-128
810,810,0.072,0,-128
811,811,0.036,0,-128
812,812,0.036,0,-128
813,813,0.036,0,-128
814,814,0.036,0,-128
815,815,0.072,0,-128
816,816,0.108,0,-128
817,817,0.108,0,-128
818,818,0,0,-128
819,819,0.036,0,-128
820,820,0,0,-128
821,821,0.144,0,-128
822,822,0.072,0,-128
823,823,0,0,-128
824,824,0.072,0,-128
825,825,0,0,-128
826,826,0.036,0,-128
827,827,0,0,-128
828,828,0.036,0,-128
829,829,0,0,-128
830,830,0.072,0,-128
831,831,0.18,0,-128
832,832,0.072,0,-128
833,833,0.144,0,-128
834,834,0.108,0,-128
835,835,0.036,0,-128
836,836,1.656,1.7,-128
837,837,6.48,6.5,-128
838,838,12.564,12.5,-128
839,839,11.232,11.4,-128
840,840,13.5,13.6,-128
841,841,12.024,12.1,-128
842,842,15.984,16.2,-128
843,843,11.772,12.2,-128
844,844,10.368,10.1,-128
845,845,8.28,8.4,-128
846,846,5.22,5.5,-128
847,847,4.824,5.1,-128
848,848,6.984,7.1,-128
849,849,5.436,6.6,-128
850,850,8.676,10.5,-128
851,851,8.028,9.1,-128
852,852,10.26,10.6,-128
853,853,4.608,4.8,-128
854,854,2.592,2.9,-128
855,855,0.036,1.2,-128
856,856,0,0,-128
857,857,0.072,0,-128
858,858,0,0,-128
859,859,0.036,0,-128
860,860,0.108,0,-128
861,861,5.292,7,-128
862,862,27.936,32.1,-128
863,863,52.164,53,-128
864,864,66.204,67.2,-128
865,865,71.676,71.1,-128
866,866,55.404,52.4,-128
867,867,44.316,46.8,-128
868,868,49.644,48.6,-128
869,869,48.564,49,-128
870,870,57.132,59.3,-128
871,871,72.468,74.5,-128
872,872,84.42,86.6,-128
873,873,94.572,96.9,-128
874,874,89.496,88.9,-128
875,875,60.408,57.4,-128
876,876,48.636,47.6,-128
877,877,40.752,40.6,-128
878,878,34.524,36.3,-128
879,879,43.812,45.9,-128
880,880,52.056,54.5,-128
881,881,60.768,65.1,-128
882,882,65.304,65,-128
883,883,61.92,62.1,-128
884,884,56.232,56.2,-128
885,885,44.532,40.7,-128
886,886,31.896,27.7,-128
887,887,35.784,40.7,-128
888,888,56.088,57,-128
889,889,54.036,52.9,-128
890,890,45.864,46.3,-128
891,891,43.056,45.1,-128
892,892,37.224,35.9,-128
893,893,48.996,51.5,-128
894,894,61.848,63.3,-128
895,895,59.904,60.2,-128
896,896,38.808,33.5,-128
897,897,23.76,22.5,-128
898,898,35.712,39.6,-128
899,899,47.592,50.8,-128
900,900,67.212,67.3,-128
901,901,82.404,83.9,-128
902,902,62.172,60.5,-128
903,903,45.576,43.3,-128
904,904,31.644,33.4,-128
905,905,40.752,42,-128
906,906,52.848,53.9,-128
907,907,51.948,50.6,-128
908,908,42.912,42.1,-128
909,909,42.12,39.7,-128
910,910,56.592,58.5,-128
911,911,69.156,70.3,-128
912,912,67.932,69.4,-128
913,913,59.04,59.8,-128
914,914,68.328,70.6,-128
915,915,68.076,68.8,-128
916,916,45.504,43.9,-128
917,917,39.168,38.7,-128
918,918,33.192,29.6,-128
919,919,36.324,38.3,-128
920,920,32.868,31.8,-128
921,921,36.684,37,-128
922,922,34.812,39.8,-128
923,923,42.948,45.4,-128
924,924,51.588,54.2,-128
925,925,63.216,63.2,-128
926,926,42.552,39.6,-128
927,927,23.148,21.5,-128
928,928,32.184,32.1,-128
929,929,45.468,46.4,-128
930,930,36.432,39.9,-128
931,931,46.944,49,-128
932,932,59.04,63,-128
933,933,73.296,75.9,-128
934,934,85.788,87.7,-128
935,935,69.048,65.9,-128
936,936,52.128,53.9,-128
937,937,56.412,58.2,-128
938,938,65.988,65.1,-128
939,939,40.428,41,-128
940,940,35.424,32.3,-128
941,941,37.224,38,-128
942,942,51.12,53.8,-128
943,943,63.648,62.9,-128
944,944,41.544,43.8,-128
945,945,53.244,54.2,-128
946,946,50.976,51.1,-128
947,947,48.96,45.5,-128
948,948,41.796,44.6,-128
949,949,50.688,48.9,-128
950,950,37.08,39.5,-128
951,951,36.324,34.9,-128
952,952,41.616,45.1,-128
953,953,54,56.7,-128
954,954,66.456,67.2,-128
955,955,37.332,35.9,-128
956,956,30.852,27.4,-128
957,957,30.708,30.8,-128
958,958,47.34,48.7,-128
959,959,42.192,39.6,-128
960,960,24.696,27.1,-128
961,961,29.844,34.6,-128
962,962,55.188,57.2,-128
963,963,65.52,64.1,-128
964,964,45.432,42.4,-128
965,965,34.272,31.3,-128
966,966,44.712,47,-128
967,967,37.512,31.5,-128
968,968,29.952,31.3,-128
969,969,39.996,43.2,-128
970,970,33.876,31.9,-128
971,971,31.968,35.3,-128
972,972,49.68,51.7,-128
973,973,43.668,43.1,-128
974,974,50.22,52.9,-128
975,975,51.228,51.9,-128
976,976,47.988,47.6,-128
977,977,44.244,44.5,-128
978,978,44.46,43.3,-128
979,979,27.288,26,-128
980,980,25.74,27.1,-128
981,981,42.732,44.9,-128
982,982,63.756,65.3,-128
983,983,61.596,61.7,-128
984,984,55.044,53.5,-128
985,985,42.372,44.1,-128
986,986,42.228,45,-128
987,987,44.748,41.7,-128
988,988,27.648,24.3,-128
989,989,27.144,26.3,-128
990,990,44.568,47.6,-128
991,991,50.184,52.6,-128
992,992,47.124,44.6,-128
993,993,66.024,68.7,-128
994,994,72.792,72.3,-128
995,995,51.804,49,-128
996,996,58.896,59.9,-128
997,997,45.9,43.5,-128
998,998,57.384,58.5,-128
999,999,54.972,55.2,-128
1000,1000,55.8,54.9,-128
1001,1001,37.08,37.6,-128
1002,1002,26.784,30.2,-128
1003,1003,37.404,35.9,-128
1004,1004,34.812,37.3,-128
1005,1005,49.212,50.8,-128
1006,1006,62.388,63.4,-128
1007,1007,48.348,48,-128
1008,1008,44.388,46.6,-128
1009,1009,43.776,42.6,-128
1010,1010,43.02,44.5,-128
1011,1011,40.248,38.1,-128
1012,1012,44.964,46.3,-128
1013,1013,43.704,40.4,-128
1014,1014,44.172,45.2,-128
1015,1015,66.492,67.8,-128
1016,1016,79.92,81.4,-128
1017,1017,80.208,82.2,-128
1018,1018,69.408,64.3,-128
1019,1019,53.748,51.1,-128
1020,1020,53.136,52.7,-128
1021,1021,51.012,48.9,-128
1022,1022,58.644,62.4,-128
1023,1023,77.076,77.6,-128
1024,1024,88.668,90.3,-128
1025,1025,97.524,98.6,-128
1026,1026,91.296,88,-128
1027,1027,68.94,64.7,-128
1028,1028,46.728,47.7,-128
1029,1029,39.816,36.9,-128
1030,1030,41.148,43,-128
1031,1031,42.768,41.7,-128
1032,1032,48.708,50.8,-128
1033,1033,56.88,59.2,-128
1034,1034,69.876,70.1,-128
1035,1035,56.988,53.7,-128
1036,1036,57.78,59.4,-128
1037,1037,37.188,38.7,-128
1038,1038,36.036,31.9,-128
1039,1039,34.56,35.4,-128
1040,1040,48.276,50,-128
1041,1041,58.14,56,-128
1042,1042,47.304,46.5,-128
1043,1043,36.756,39.6,-128
1044,1044,44.352,41.8,-128
1045,1045,44.28,45.5,-128
1046,1046,59.508,62,-128
1047,1047,60.012,60.1,-128
1048,1048,42.228,39.4,-128
1049,1049,29.196,25.3,-128
1050,1050,39.564,43.8,-128
1051,1051,50.904,53.8,-128
1052,1052,69.336,70.8,-128
1053,1053,85.284,86.5,-128
1054,1054,70.632,69.1,-128
1055,1055,41.976,41.4,-128
1056,1056,36.54,37.5,-128
1057,1057,51.768,51.7,-128
1058,1058,59.364,59.6,-128
1059,1059,48.168,46.8,-128
1060,1060,42.264,37.1,-128
1061,1061,54.576,56.2,-128
1062,1062,73.152,74.7,-128
1063,1063,65.952,67.6,-128
1064,1064,59.364,60.5,-128
1065,1065,65.7,69.8,-128
1066,1066,70.776,70.3,-128
1067,1067,56.664,54.9,-128
1068,1068,41.58,37.7,-128
1069,1069,34.128,30.1,-128
1070,1070,37.26,40,-128
1071,1071,39.744,37.1,-128
1072,1072,34.416,36.2,-128
1073,1073,34.416,38.8,-128
1074,1074,48.996,53.5,-128
1075,1075,68.652,72.1,-128
1076,1076,58.752,55.5,-128
1077,1077,29.7,26.6,-128
1078,1078,22.572,22.6,-128
1079,1079,36.324,37.7,-128
1080,1080,34.38,37.7,-128
1081,1081,51.768,55,-128
1082,1082,51.552,53.7,-128
1083,1083,67.968,68.9,-128
1084,1084,82.404,83.2,-128
1085,1085,83.88,81.5,-128
1086,1086,57.528,54.8,-128
1087,1087,52.992,56.1,-128
1088,1088,61.2,62.9,-128
1089,1089,59.58,56.7,-128
1090,1090,32.112,28.7,-128
1091,1091,35.352,35.8,-128
1092,1092,48.816,52.5,-128
1093,1093,66.06,65.4,-128
1094,1094,45.288,47.1,-128
1095,1095,52.524,54.3,-128
1096,1096,51.336,49.2,-128
1097,1097,49.644,47,-128
1098,1098,47.988,49.2,-128
1099,1099,46.188,45,-128
1100,1100,39.816,41.4,-128
1101,1101,40.176,36.4,-128
1102,1102,51.408,54.9,-128
1103,1103,60.912,64.4,-128
1104,1104,70.02,67.8,-128
1105,1105,34.704,29.1,-128
1106,1106,27.648,23.5,-128
1107,1107,30.492,31.8,-128
1108,1108,47.916,46.8,-128
1109,1109,36,35.4,-128
1110,1110,24.48,28.6,-128
1111,1111,33.48,36.5,-128
1112,1112,56.232,60.8,-128
1113,1113,64.872,61.9,-128
1114,1114,42.516,40.4,-128
1115,1115,29.484,29.5,-128
1116,1116,48.456,51.7,-128
1117,1117,37.872,32.6,-128
1118,1118,39.24,40.2,-128
1119,1119,40.032,42.7,-128
1120,1120,34.344,33.7,-128
1121,1121,30.384,31.3,-128
1122,1122,43.488,44.9,-128
1123,1123,44.604,45.9,-128
1124,1124,50.976,52,-128
1125,1125,56.376,57.2,-128
1126,1126,69.84,70.5,-128
1127,1127,82.152,84.4,-128
1128,1128,87.876,87,-128
1129,1129,65.592,63.5,-128
1130,1130,61.236,62.2,-128
1131,1131,54.576,43.4,-128
1132,1132,38.88,40.9,-128
1133,1133,48.528,50.8,-128
1134,1134,31.5,29.5,-128
1135,1135,25.308,23.6,-128
1136,1136,30.312,30.5,-128
1137,1137,50.616,53,-128
1138,1138,52.236,56,-128
1139,1139,59.256,57.8,-128
1140,1140,74.484,76.1,-128
1141,1141,62.748,59.3,-128
1142,1142,64.368,66.5,-128
1143,1143,56.628,55.9,-128
1144,1144,63.972,66.9,-128
1145,1145,59.148,57.9,-128
1146,1146,61.344,60.4,-128
1147,1147,39.996,41.4,-128
1148,1148,27.36,30.7,-128
1149,1149,38.304,37.1,-128
1150,1150,34.56,37.8,-128
1151,1151,51.912,53.8,-128
1152,1152,66.852,66.4,-128
1153,1153,47.52,43.9,-128
1154,1154,41.76,44.6,-128
1155,1155,43.884,41.8,-128
1156,1156,42.768,44.5,-128
1157,1157,38.088,36.8,-128
1158,1158,46.584,48.4,-128
1159,1159,39.708,36.2,-128
1160,1160,47.772,49.1,-128
1161,1161,70.272,69.3,-128
1162,1162,82.764,85.4,-128
1163,1163,88.092,88.8,-128
1164,1164,60.084,57.6,-128
1165,1165,51.228,53.7,-128
1166,1166,50.4,48.9,-128
1167,1167,57.528,58.7,-128
1168,1168,67.968,71.2,-128
1169,1169,84.168,84.4,-128
1170,1170,94.356,94.7,-128
1171,1171,99.216,98.6,-128
1172,1172,76.608,77.3,-128
1173,1173,59.076,50.3,-128
1174,1174,37.692,40.5,-128
1175,1175,45,42.9,-128
1176,1176,39.384,40.8,-128
1177,1177,44.424,44.3,-128
1178,1178,56.808,60,-128
1179,1179,70.128,68.9,-128
1180,1180,64.692,66.4,-128
1181,1181,63.144,63.9,-128
1182,1182,46.116,42.7,-128
1183,1183,34.344,30,-128
1184,1184,34.38,34.6,-128
1185,1185,47.484,49.5,-128
1186,1186,59.112,57.7,-128
1187,1187,49.968,49.7,-128
1188,1188,43.812,48.7,-128
1189,1189,46.008,44.4,-128
1190,1190,54.792,56.7,-128
1191,1191,60.84,63.9,-128
1192,1192,51.696,50.2,-128
1193,1193,32.904,31.3,-128
1194,1194,32.652,31.3,-128
1195,1195,53.748,54.4,-128
1196,1196,62.784,64.8,-128
1197,1197,77.292,80.4,-128
1198,1198,86.4,84.2,-128
1199,1199,53.172,48.7,-128
1200,1200,32.256,34,-128
1201,1201,41.4,42.4,-128
1202,1202,54.144,54.8,-128
1203,1203,58.32,55.8,-128
1204,1204,37.044,39.2,-128
1205,1205,43.308,41.5,-128
1206,1206,58.896,61.3,-128
1207,1207,73.044,72.6,-128
1208,1208,65.16,67.3,-128
1209,1209,58.68,60.7,-128
1210,1210,75.384,78,-128
1211,1211,69.552,67.9,-128
1212,1212,48.132,44.9,-128
1213,1213,40.86,36.5,-128
1214,1214,33.336,32.9,-128
1215,1215,39.168,40.5,-128
1216,1216,36.612,36.5,-128
1217,1217,33.444,36.5,-128
1218,1218,38.412,41.5,-128
1219,1219,53.208,57.1,-128
1220,1220,71.928,71.4,-128
1221,1221,41.148,39.2,-128
1222,1222,22.608,20.8,-128
1223,1223,24.048,20.9,-128
1224,1224,31.86,33.9,-128
1225,1225,47.232,48.9,-128
1226,1226,42.408,43.9,-128
1227,1227,48.924,52.4,-128
1228,1228,68.904,70.1,-128
1229,1229,82.944,82.9,-128
1230,1230,85.104,83.4,-128
1231,1231,60.408,57.8,-128
1232,1232,52.56,53.5,-128
1233,1233,60.12,61.5,-128
1234,1234,58.968,57.5,-128
1235,1235,32.904,30.7,-128
1236,1236,35.28,35.4,-128
1237,1237,49.356,52.4,-128
1238,1238,63.252,63.2,-128
1239,1239,46.044,47.9,-128
1240,1240,52.56,53.9,-128
1241,1241,51.336,49.9,-128
1242,1242,47.196,45.8,-128
1243,1243,49.068,50.8,-128
1244,1244,48.492,45.6,-128
1245,1245,33.66,34.4,-128
1246,1246,39.816,37.7,-128
1247,1247,47.124,51,-128
1248,1248,58.68,61.3,-128
1249,1249,69.912,68.2,-128
1250,1250,41.76,37.9,-128
1251,1251,27.072,25.1,-128
1252,1252,39.132,41.4,-128
1253,1253,46.404,46,-128
1254,1254,32.688,32.1,-128
1255,1255,20.628,26.5,-128
1256,1256,36.972,39.2,-128
1257,1257,58.932,61,-128
1258,1258,63.72,61.3,-128
1259,1259,41.976,37.1,-128
1260,1260,41.58,46.1,-128
1261,1261,45.288,44.2,-128
1262,1262,34.128,30.3,-128
1263,1263,38.88,40.4,-128
1264,1264,36.468,33.1,-128
1265,1265,33.768,35.3,-128
1266,1266,37.368,36.8,-128
1267,1267,45.396,42.8,-128
1268,1268,52.704,53,-128
1269,1269,58.212,56.1,-128
1270,1270,67.824,70.8,-128
1271,1271,80.712,82.2,-128
1272,1272,90.36,91.6,-128
1273,1273,68.04,67.2,-128
1274,1274,62.712,60.8,-128
1275,1275,59.652,56.2,-128
1276,1276,47.628,49,-128
1277,1277,46.08,49.5,-128
1278,1278,41.184,25.8,-128
1279,1279,31.716,27.7,-128
1280,1280,32.004,28.9,-128
1281,1281,43.236,45.4,-128
1282,1282,50.112,53,-128
1283,1283,53.82,54,-128
1284,1284,75.24,77.5,-128
1285,1285,64.764,62.3,-128
1286,1286,58.896,58.3,-128
1287,1287,60.912,62.4,-128
1288,1288,61.596,62.9,-128
1289,1289,67.392,66.9,-128
1290,1290,61.992,61.8,-128
1291,1291,45,43.2,-128
1292,1292,24.84,27.7,-128
1293,1293,34.416,33.8,-128
1294,1294,37.836,39.2,-128
1295,1295,44.568,47.6,-128
1296,1296,54.504,54.2,-128
1297,1297,51.876,52.7,-128
1298,1298,43.344,42.8,-128
1299,1299,43.74,45.3,-128
1300,1300,44.712,46.4,-128
1301,1301,42.588,42.2,-128
1302,1302,43.596,45.9,-128
1303,1303,43.884,45,-128
1304,1304,44.856,45.9,-128
1305,1305,65.628,66.6,-128
1306,1306,79.164,82.2,-128
1307,1307,88.812,91.6,-128
1308,1308,72.432,67.3,-128
1309,1309,54.756,55,-128
1310,1310,51.156,51.3,-128
1311,1311,55.08,56.4,-128
1312,1312,65.124,68.5,-128
1313,1313,81.54,82,-128
1314,1314,92.448,94.1,-128
1315,1315,103.428,104.8,-128
1316,1316,82.692,81.3,-128
1317,1317,62.928,50.8,-128
1318,1318,47.052,49.4,-128
1319,1319,44.064,44.3,-128
1320,1320,44.244,45.1,-128
1321,1321,49.896,52.4,-128
1322,1322,63.144,66.6,-128
1323,1323,77.616,76.7,-128
1324,1324,59.148,62.3,-128
1325,1325,60.012,60.4,-128
1326,1326,38.664,36.1,-128
1327,1327,37.188,33.4,-128
1328,1328,51.084,53.5,-128
1329,1329,62.352,63,-128
1330,1330,50.436,49.2,-128
1331,1331,45.72,47.1,-128
1332,1332,51.048,47.2,-128
1333,1333,48.924,49.9,-128
1334,1334,58.068,60.2,-128
1335,1335,61.668,60.7,-128
1336,1336,36.9,33.6,-128
1337,1337,32.688,31.2,-128
1338,1338,53.676,56.5,-128
1339,1339,61.812,64.2,-128
1340,1340,77.544,79.5,-128
1341,1341,82.44,80.4,-128
1342,1342,58.212,55.6,-128
1343,1343,32.976,34.4,-128
1344,1344,42.408,43.7,-128
1345,1345,59.256,59.9,-128
1346,1346,54.396,53.2,-128
1347,1347,41.724,40.8,-128
1348,1348,48.168,45.2,-128
1349,1349,68.076,70.5,-128
1350,1350,68.184,67.9,-128
1351,1351,64.332,66.1,-128
1352,1352,61.704,67.6,-128
1353,1353,77.508,78.8,-128
1354,1354,64.944,62.2,-128
1355,1355,39.276,39.3,-128
1356,1356,38.952,34.5,-128
1357,1357,33.084,32.4,-128
1358,1358,40.356,43,-128
1359,1359,39.996,39.1,-128
1360,1360,35.676,40.1,-128
1361,1361,46.044,49.4,-128
1362,1362,59.148,62.3,-128
1363,1363,61.632,57.3,-128
1364,1364,36.504,33.7,-128
1365,1365,29.916,27.6,-128
1366,1366,42.624,44,-128
1367,1367,43.92,45.3,-128
1368,1368,49.356,50.6,-128
1369,1369,53.712,55.1,-128
1370,1370,47.772,47,-128
1371,1371,47.628,47.8,-128
1372,1372,37.62,37.3,-128
1373,1373,43.524,45.4,-128
1374,1374,60.804,61.9,-128
1375,1375,62.424,63.6,-128
1376,1376,65.844,67.9,-128
1377,1377,65.268,64.6,-128
1378,1378,41.616,40.3,-128
1379,1379,35.604,33.6,-128
1380,1380,57.132,58.9,-128
1381,1381,70.704,73.2,-128
1382,1382,50.256,51.4,-128
1383,1383,55.26,55.6,-128
1384,1384,53.712,53.4,-128
1385,1385,49.392,47,-128
1386,1386,52.128,54,-128
1387,1387,55.728,55.3,-128
1388,1388,41.148,43.6,-128
1389,1389,36.468,35.4,-128
1390,1390,42.12,47.1,-128
1391,1391,63.108,64.9,-128
1392,1392,58.68,53.5,-128
1393,1393,38.916,25.8,-128
1394,1394,30.132,29.7,-128
1395,1395,45,46,-128
1396,1396,51.228,49.6,-128
1397,1397,26.28,29,-128
1398,1398,30.24,34.2,-128
1399,1399,49.932,53.1,-128
1400,1400,69.444,67.5,-128
1401,1401,45.504,41.2,-128
1402,1402,33.66,32.6,-128
1403,1403,49.788,50.8,-128
1404,1404,38.592,34.9,-128
1405,1405,33.804,35.6,-128
1406,1406,41.112,42.7,-128
1407,1407,36.108,38.2,-128
1408,1408,33.84,33,-128
1409,1409,47.736,44.9,-128
1410,1410,52.74,55.7,-128
1411,1411,58.968,57.2,-128
1412,1412,70.164,71,-128
1413,1413,81.9,82.4,-128
1414,1414,91.008,91.9,-128
1415,1415,70.776,73.3,-128
1416,1416,61.308,60.8,-128
1417,1417,57.456,57,-128
1418,1418,40.536,31,-128
1419,1419,35.46,37.6,-128
1420,1420,47.916,47.4,-128
1421,1421,24.948,22.9,-128
1422,1422,25.992,24.8,-128
1423,1423,42.588,44.2,-128
1424,1424,50.112,51.7,-128
1425,1425,55.764,55.7,-128
1426,1426,69.948,72,-128
1427,1427,67.896,67.3,-128
1428,1428,59.148,58.2,-128
1429,1429,63.036,64.3,-128
1430,1430,56.556,56.9,-128
1431,1431,69.048,70,-128
1432,1432,58.572,58.6,-128
1433,1433,48.024,47.9,-128
1434,1434,32.112,33.6,-128
1435,1435,29.736,29.1,-128
1436,1436,39.708,39.5,-128
1437,1437,39.672,43.6,-128
1438,1438,52.956,54.2,-128
1439,1439,59.292,59.3,-128
1440,1440,47.808,46.4,-128
1441,1441,44.64,46.1,-128
1442,1442,43.92,44.2,-128
1443,1443,43.452,44.6,-128
1444,1444,42.372,44.8,-128
1445,1445,45.18,46.4,-128
1446,1446,40.284,42.1,-128
1447,1447,63.54,65,-128
1448,1448,77.904,79.7,-128
1449,1449,87.696,90,-128
1450,1450,77.076,74.1,-128
1451,1451,51.912,48.6,-128
1452,1452,45.54,46.6,-128
1453,1453,48.6,47.6,-128
1454,1454,52.164,54.8,-128
1455,1455,67.032,68.3,-128
1456,1456,81.216,83.6,-128
1457,1457,95.112,96.3,-128
1458,1458,92.196,91,-128
1459,1459,73.62,73.9,-128
1460,1460,53.748,50.3,-128
1461,1461,40.572,43.5,-128
1462,1462,40.176,40.4,-128
1463,1463,43.02,44.8,-128
1464,1464,52.344,53.5,-128
1465,1465,64.188,67.3,-128
1466,1466,70.488,69.2,-128
1467,1467,58.644,60,-128
1468,1468,62.316,62.7,-128
1469,1469,45.72,42.2,-128
1470,1470,34.488,32.4,-128
1471,1471,40.284,41.4,-128
1472,1472,57.996,60.2,-128
1473,1473,55.62,54,-128
1474,1474,46.692,48.2,-128
1475,1475,46.26,46.4,-128
1476,1476,49.284,49.7,-128
1477,1477,53.82,56.2,-128
1478,1478,56.772,59.8,-128
1479,1479,49.428,45.9,-128
1480,1480,30.6,28.4,-128
1481,1481,35.604,38.3,-128
1482,1482,51.192,53.4,-128
1483,1483,70.2,72.6,-128
1484,1484,84.276,85.2,-128
1485,1485,69.336,69.3,-128
1486,1486,49.428,48.3,-128
1487,1487,41.832,43.9,-128
1488,1488,52.668,53.4,-128
1489,1489,61.848,61,-128
1490,1490,48.348,43,-128
1491,1491,39.168,34.3,-128
1492,1492,57.96,58,-128
1493,1493,72.9,75.5,-128
1494,1494,73.656,73.9,-128
1495,1495,59.256,61,-128
1496,1496,72.504,75.3,-128
1497,1497,69.264,70.5,-128
1498,1498,51.876,48.6,-128
1499,1499,42.948,38.8,-128
1500,1500,32.184,30.9,-128
1501,1501,40.248,42.6,-128
1502,1502,39.744,38.9,-128
1503,1503,31.932,36.3,-128
1504,1504,48.456,52.5,-128
1505,1505,61.848,64.2,-128
1506,1506,68.292,67,-128
1507,1507,41.976,37.4,-128
1508,1508,26.496,23.3,-128
1509,1509,35.892,36.2,-128
1510,1510,44.964,45.8,-128
1511,1511,43.884,45.2,-128
1512,1512,55.08,58.7,-128
1513,1513,70.488,72.3,-128
1514,1514,83.376,85.4,-128
1515,1515,85.536,82.2,-128
1516,1516,62.568,60.8,-128
1517,1517,54.972,56.8,-128
1518,1518,64.116,66.1,-128
1519,1519,53.28,50,-128
1520,1520,36.756,33.1,-128
1521,1521,42.588,43.7,-128
1522,1522,58.716,61.7,-128
1523,1523,57.672,57.3,-128
1524,1524,43.704,47.4,-128
1525,1525,54.756,53.8,-128
1526,1526,50.832,47.7,-128
1527,1527,50.22,51,-128
1528,1528,51.372,50.5,-128
1529,1529,52.056,53.4,-128
1530,1530,43.164,44,-128
1531,1531,46.008,50,-128
1532,1532,58.284,61.3,-128
1533,1533,73.692,73.2,-128
1534,1534,46.008,41.7,-128
1535,1535,28.98,27.1,-128
1536,1536,47.772,49.1,-128
1537,1537,51.732,50,-128
1538,1538,32.148,33.9,-128
1539,1539,32.508,37.4,-128
1540,1540,53.784,56,-128
1541,1541,65.268,64.8,-128
1542,1542,46.512,43.4,-128
1543,1543,34.812,33.7,-128
1544,1544,45.684,47.6,-128
1545,1545,40.212,36.4,-128
1546,1546,41.76,42.2,-128
1547,1547,42.192,43.1,-128
1548,1548,36.144,37.1,-128
1549,1549,38.124,35.9,-128
1550,1550,50.22,47.4,-128
1551,1551,52.596,54.8,-128
1552,1552,61.884,61.1,-128
1553,1553,61.74,61.3,-128
1554,1554,52.38,51.6,-128
1555,1555,42.192,41.5,-128
1556,1556,44.172,45.1,-128
1557,1557,42.804,42.3,-128
1558,1558,38.664,41.6,-128
1559,1559,38.628,37.4,-128
1560,1560,54.936,56.7,-128
1561,1561,54.108,50.5,-128
1562,1562,46.044,46.1,-128
1563,1563,52.092,56.1,-128
1564,1564,29.52,26.3,-128
1565,1565,24.66,23.2,-128
1566,1566,41.22,42.9,-128
1567,1567,60.12,61.4,-128
1568,1568,54.936,55.3,-128
1569,1569,66.672,68.1,-128
1570,1570,65.34,67,-128
1571,1571,59.508,58.2,-128
1572,1572,60.732,63.2,-128
1573,1573,57.204,56.4,-128
1574,1574,63.756,65.9,-128
1575,1575,58.176,57.2,-128
1576,1576,51.516,50.5,-128
1577,1577,36.54,36.8,-128
1578,1578,30.096,31.1,-128
1579,1579,45.396,47.4,-128
1580,1580,42.948,46.5,-128
1581,1581,61.344,62.7,-128
1582,1582,57.816,57.7,-128
1583,1583,49.68,50,-128
1584,1584,43.056,42.9,-128
1585,1585,41.04,42.4,-128
1586,1586,42.768,41.8,-128
1587,1587,40.248,42.6,-128
1588,1588,42.228,42.7,-128
1589,1589,45.036,47.1,-128
1590,1590,66.06,66.7,-128
1591,1591,81,82.9,-128
1592,1592,91.476,94.8,-128
1593,1593,73.584,67.3,-128
1594,1594,55.908,57.9,-128
1595,1595,50.76,49.6,-128
1596,1596,58.212,60.5,-128
1597,1597,64.62,67,-128
1598,1598,82.476,84.4,-128
1599,1599,92.736,94.5,-128
1600,1600,94.212,92.6,-128
1601,1601,76.68,73.8,-128
1602,1602,59.508,53,-128
1603,1603,47.736,50.7,-128
1604,1604,43.344,40.5,-128
1605,1605,42.624,43.8,-128
1606,1606,55.08,55.6,-128
1607,1607,64.8,66.9,-128
1608,1608,72.648,72.5,-128
1609,1609,66.492,66.8,-128
1610,1610,66.96,64.6,-128
1611,1611,41.256,38,-128
1612,1612,36.324,30.9,-128
1613,1613,38.016,39.6,-128
1614,1614,55.62,57.5,-128
1615,1615,55.98,54.8,-128
1616,1616,46.944,48,-128
1617,1617,48.024,47.2,-128
1618,1618,44.28,44.1,-128
1619,1619,54.36,56.4,-128
1620,1620,60.804,63.8,-128
1621,1621,39.96,38.8,-128
1622,1622,30.816,28.3,-128
1623,1623,48.744,51.7,-128
1624,1624,57.312,60,-128
1625,1625,70.704,72.4,-128
1626,1626,85.176,85.4,-128
1627,1627,66.852,64.8,-128
1628,1628,40.572,41.8,-128
1629,1629,44.892,45.6,-128
1630,1630,64.692,64.3,-128
1631,1631,53.244,52.4,-128
1632,1632,42.588,40.8,-128
1633,1633,44.46,43.1,-128
1634,1634,65.736,67.6,-128
1635,1635,77.04,78.6,-128
1636,1636,74.736,76.9,-128
1637,1637,71.784,75.1,-128
1638,1638,80.424,82.7,-128
1639,1639,55.044,52.8,-128
1640,1640,44.604,43.4,-128
1641,1641,35.64,31.4,-128
1642,1642,38.7,39,-128
1643,1643,38.736,37.2,-128
1644,1644,36.18,35.1,-128
1645,1645,40.212,42.9,-128
1646,1646,49.572,53.5,-128
1647,1647,68.292,70.3,-128
1648,1648,53.244,52,-128
1649,1649,32.904,29.9,-128
1650,1650,37.188,34.9,-128
1651,1651,46.404,47.8,-128
1652,1652,42.48,45.2,-128
1653,1653,59.04,60.9,-128
1654,1654,68.832,72.4,-128
1655,1655,81.468,82.9,-128
1656,1656,90.36,89.2,-128
1657,1657,64.044,62.5,-128
1658,1658,53.604,54.7,-128
1659,1659,62.82,64.2,-128
1660,1660,54.36,50.4,-128
1661,1661,39.348,34.3,-128
1662,1662,40.536,42.6,-128
1663,1663,57.024,60.1,-128
1664,1664,61.236,61.4,-128
1665,1665,44.82,48.7,-128
1666,1666,52.812,52.9,-128
1667,1667,52.38,49,-128
1668,1668,51.912,53.3,-128
1669,1669,54.684,53.9,-128
1670,1670,53.424,54.1,-128
1671,1671,37.656,34.7,-128
1672,1672,40.572,43.1,-128
1673,1673,54.288,57.9,-128
1674,1674,74.196,74.2,-128
1675,1675,47.16,45.5,-128
1676,1676,26.172,21.7,-128
1677,1677,34.956,36.3,-128
1678,1678,49.068,48.3,-128
1679,1679,37.44,38.3,-128
1680,1680,27.828,32.1,-128
1681,1681,41.868,46.1,-128
1682,1682,57.276,59.8,-128
1683,1683,56.124,54.5,-128
1684,1684,37.26,34.9,-128
1685,1685,41.364,41.5,-128
1686,1686,45.612,46.1,-128
1687,1687,35.928,33.1,-128
1688,1688,37.476,40.2,-128
1689,1689,40.104,36.9,-128
1690,1690,34.128,36.4,-128
1691,1691,40.032,39.8,-128
1692,1692,44.172,43.9,-128
1693,1693,52.92,55.2,-128
1694,1694,49.752,48.5,-128
1695,1695,52.92,52.7,-128
1696,1696,42.984,42.3,-128
1697,1697,32.148,31.6,-128
1698,1698,34.164,36.7,-128
1699,1699,54.828,57.4,-128
1700,1700,72.216,74.2,-128
1701,1701,66.888,59.7,-128
1702,1702,51.408,51.2,-128
1703,1703,42.264,39.7,-128
1704,1704,43.308,43.9,-128
1705,1705,49.428,49,-128
1706,1706,31.68,29.8,-128
1707,1707,27.864,25.7,-128
1708,1708,45.36,47.2,-128
1709,1709,55.008,57,-128
1710,1710,60.516,58.4,-128
1711,1711,70.164,70.8,-128
1712,1712,66.6,67.3,-128
1713,1713,62.82,63,-128
1714,1714,61.452,63,-128
1715,1715,60.66,61.7,-128
1716,1716,63.216,63.9,-128
1717,1717,57.6,57,-128
1718,1718,44.928,44.8,-128
1719,1719,28.8,31.8,-128
1720,1720,39.456,37.9,-128
1721,1721,39.06,40.8,-128
1722,1722,47.448,50.8,-128
1723,1723,68.616,71,-128
1724,1724,56.772,53.3,-128
1725,1725,42.228,43.5,-128
1726,1726,34.956,34.4,-128
1727,1727,26.172,25.7,-128
1728,1728,35.46,37.8,-128
1729,1729,43.74,44.1,-128
1730,1730,45.684,46.8,-128
1731,1731,38.808,37.5,-128
1732,1732,61.02,63.6,-128
1733,1733,65.916,65.3,-128
1734,1734,52.776,51.7,-128
1735,1735,41.328,42.5,-128
1736,1736,39.24,39.5,-128
1737,1737,34.56,34.8,-128
